{
    "items": [
        {
            "Name": "[ CAMERAS ]",
            "TextColor": {
                "r": 0.48207545280456545,
                "g": 0.9433962106704712,
                "b": 0.9160413146018982,
                "a": 1.0
            },
            "FontSize": 12,
            "FontStyle": 1,
            "ImageColor": {
                "r": 0.48235294222831728,
                "g": 0.9450980424880981,
                "b": 0.9176470637321472,
                "a": 1.0
            },
            "ImageType": 0
        },
        {
            "Name": "[ UNITY ESSENTIALS ]",
            "TextColor": {
                "r": 0.9450980424880981,
                "g": 0.8083853125572205,
                "b": 0.48235294222831728,
                "a": 1.0
            },
            "FontSize": 12,
            "FontStyle": 1,
            "ImageColor": {
                "r": 0.9450980424880981,
                "g": 0.8078431487083435,
                "b": 0.48235294222831728,
                "a": 1.0
            },
            "ImageType": 0
        },
        {
            "Name": "[ GAME ]",
            "TextColor": {
                "r": 0.9450980424880981,
                "g": 0.48235294222831728,
                "b": 0.4919065535068512,
                "a": 1.0
            },
            "FontSize": 12,
            "FontStyle": 1,
            "ImageColor": {
                "r": 0.9450980424880981,
                "g": 0.48235294222831728,
                "b": 0.4901960790157318,
                "a": 1.0
            },
            "ImageType": 0
        }
    ]
}